res_seq,res_name,aa1,has_chi1,actual_chi1,actual_chi1_bin,predicted_state,predicted_state_name,predicted_chi1,chi1_error_deg,prob_g_minus,prob_t,prob_g_plus,max_prob,confidence_score,correct_bin,plddt_color
1,ASN,N,True,-67.63,g-,0,g-,-60.0,7.6299999999999955,0.9999999047461705,9.390297915458687e-08,1.3508504392389136e-09,0.9999999047461705,100.0,True,#0053D6
2,LEU,L,True,52.88,g+,2,g+,60.0,7.119999999999997,1.289294952467562e-07,1.5420535878275056e-09,0.9999998695284512,0.9999998695284512,99.58509361351577,True,#0053D6
3,TYR,Y,True,-148.59,t,1,t,180.0,31.409999999999968,0.0003766366880557212,0.9996233633094826,2.4615508757590172e-12,0.9996233633094826,100.0,True,#0053D6
4,ILE,I,True,-44.72,g-,0,g-,-60.0,15.280000000000001,0.9999989561881217,4.6667466274914895e-11,1.0437652108005606e-06,0.9999989561881217,100.0,True,#0053D6
5,GLN,Q,True,-146.48,t,1,t,180.0,33.51999999999998,0.00041374399299074106,0.9995862560062468,7.624319396946989e-13,0.9995862560062468,99.09071456582481,True,#0053D6
6,TRP,W,True,178.57,t,1,t,180.0,1.4300000000000068,1.5867443277464013e-08,0.9999999513879579,3.2744598750837034e-08,0.9999999513879579,99.29754341579653,True,#0053D6
7,LEU,L,True,-76.21,g-,0,g-,-60.0,16.209999999999994,0.9999983105080732,1.6893742408671805e-06,1.1768592535388284e-10,0.9999983105080732,100.0,True,#0053D6
8,LYS,K,True,75.65,g+,2,g+,60.0,15.650000000000006,1.0441128817135729e-10,1.2496046682427614e-06,0.9999987502909203,0.9999987502909203,100.0,True,#0053D6
9,ASP,D,True,-92.98,g-,0,g-,-60.0,32.980000000000004,0.999865918710215,0.00013408128918707005,5.97842819893429e-13,0.999865918710215,98.5176603191174,True,#0053D6
10,GLY,G,False,,,1,t,,,0.3333333333333333,0.3333333333333333,0.3333333333333333,0.3333333333333333,52.712800217929825,,#FFDB13
11,GLY,G,False,,,1,t,,,0.3333333333333333,0.3333333333333333,0.3333333333333333,0.3333333333333333,47.68291153593769,,#FF7D45
12,PRO,P,True,-18.96,g-,0,g-,-60.0,41.04,0.9951856346433193,2.9214131367808123e-14,0.004814365356651347,0.9951856346433193,96.74026212394936,True,#0053D6
13,SER,S,True,-61.14,g-,0,g-,-60.0,1.1400000000000006,0.999999982056582,9.528960194576057e-09,8.41445778131636e-09,0.999999982056582,100.0,True,#0053D6
14,SER,S,True,-144.05,t,1,t,180.0,35.94999999999999,0.0016520749672692902,0.9983479250321795,5.510021667182793e-13,0.9983479250321795,93.53910354603812,True,#0053D6
15,GLY,G,False,,,1,t,,,0.3333333333333333,0.3333333333333333,0.3333333333333333,0.3333333333333333,41.375410837434835,,#FF7D45
16,ARG,R,True,59.11,g+,2,g+,60.0,0.8900000000000006,1.3260646101981195e-08,6.478436189656401e-09,0.9999999802609179,0.9999999802609179,98.31311804745141,True,#0053D6
17,PRO,P,True,29.92,g+,2,g+,60.0,30.08,8.847739828597823e-05,5.504384319864534e-13,0.9999115226011637,0.9999115226011637,96.91105500271213,True,#0053D6
18,PRO,P,True,27.2,g+,2,g+,60.0,32.8,0.00020006364290483538,2.4337501063560954e-13,0.9997999363568517,0.9997999363568517,100.0,True,#0053D6
19,PRO,P,True,32.16,g+,2,g+,60.0,27.840000000000003,4.5186141098064226e-05,1.0778875191767407e-12,0.9999548138578239,0.9999548138578239,97.24877892025978,True,#0053D6
20,SER,S,True,-60.44,g-,0,g-,-60.0,0.4399999999999977,0.9999999818952431,7.724025012954222e-09,1.0380731949567517e-08,0.9999999818952431,95.76307102368033,True,#0053D6
